{"accuracy": [0.5659577250480652, 0.8562913537025452, 0.9141759872436523, 0.9425421357154846, 0.9547905325889587, 0.9666263461112976, 0.9726438522338867, 0.9767408967018127, 0.9796286821365356, 0.9824738502502441], "loss": [1.4784704446792603, 0.4531462490558624, 0.2644956409931183, 0.17680010199546814, 0.13629764318466187, 0.10291633754968643, 0.08430696278810501, 0.07086803019046783, 0.06107255443930626, 0.05364859849214554], "val_accuracy": [0.8279080390930176, 0.9025153517723083, 0.9313681125640869, 0.9445139765739441, 0.9562371969223022, 0.9483268857002258, 0.9577168226242065, 0.9627248048782349, 0.9675050973892212, 0.9606191515922546], "val_loss": [0.5344769358634949, 0.3034604787826538, 0.21170742809772491, 0.171116441488266, 0.14674259722232819, 0.15967170894145966, 0.13165681064128876, 0.11718640476465225, 0.10505957156419754, 0.1373523771762848]}